Unnamed: 0,name_x,playing_role,id,order,run_conceded,maidens,wickets,overs,economy,wides,no_balls,fours,sixes,zeros,player_id,scorecard_id,match_number,name_y,start_date,matchtype,series_id,match_detail_id,title,runs,over,run_rate,match_id,opp_team_id,team_id
8526,Ajit Agarkar,BOWL,8544,2,51,0,2,10.0,5.1,3,3,,,,789,1496,1.0,Bangladesh v India,2004-12-22 18:30:00+00:00,odi,182,773,Bangladesh Innings,234,50.0,4.68,633,2,7
8518,Tapash Baisya,,8536,0,67,0,2,10.0,6.7,3,0,,,,850,1495,1.0,Bangladesh v India,2004-12-22 18:30:00+00:00,odi,182,773,India Innings,245,50.0,4.9,633,7,2
8519,Mushfiqur Rahman,,8537,1,29,0,1,6.0,4.83,1,0,,,,848,1495,1.0,Bangladesh v India,2004-12-22 18:30:00+00:00,odi,182,773,India Innings,245,50.0,4.9,633,7,2
8520,Nazmul Hossain,BOWL,8538,2,39,1,2,9.0,4.33,3,0,,,,851,1495,1.0,Bangladesh v India,2004-12-22 18:30:00+00:00,odi,182,773,India Innings,245,50.0,4.9,633,7,2
8521,Khaled Mahmud,,8539,3,43,0,1,10.0,4.3,2,0,,,,849,1495,1.0,Bangladesh v India,2004-12-22 18:30:00+00:00,odi,182,773,India Innings,245,50.0,4.9,633,7,2
8522,Mohammad Rafique,AR,8540,4,39,0,1,10.0,3.9,1,1,,,,823,1495,1.0,Bangladesh v India,2004-12-22 18:30:00+00:00,odi,182,773,India Innings,245,50.0,4.9,633,7,2
8523,Aftab Ahmed,,8541,5,22,0,0,5.0,4.4,0,0,,,,847,1495,1.0,Bangladesh v India,2004-12-22 18:30:00+00:00,odi,182,773,India Innings,245,50.0,4.9,633,7,2
8524,Irfan Pathan,AR,8542,0,45,0,1,9.0,5.0,5,0,,,,298,1496,1.0,Bangladesh v India,2004-12-22 18:30:00+00:00,odi,182,773,Bangladesh Innings,234,50.0,4.68,633,2,7
8525,Joginder Sharma,AR,8543,1,28,2,1,8.0,3.5,1,0,,,,853,1496,1.0,Bangladesh v India,2004-12-22 18:30:00+00:00,odi,182,773,Bangladesh Innings,234,50.0,4.68,633,2,7
8527,Sourav Ganguly,BAT,8545,3,19,0,0,4.0,4.75,0,1,,,,788,1496,1.0,Bangladesh v India,2004-12-22 18:30:00+00:00,odi,182,773,Bangladesh Innings,234,50.0,4.68,633,2,7
8528,Harbhajan Singh,BOWL,8546,4,46,1,0,10.0,4.6,4,0,,,,52,1496,1.0,Bangladesh v India,2004-12-22 18:30:00+00:00,odi,182,773,Bangladesh Innings,234,50.0,4.68,633,2,7
8529,Sridharan Sriram,BAT,8547,5,43,0,3,9.0,4.77,0,2,,,,852,1496,1.0,Bangladesh v India,2004-12-22 18:30:00+00:00,odi,182,773,Bangladesh Innings,234,50.0,4.68,633,2,7
8538,Nazmul Hossain,BOWL,8556,2,26,0,0,7.0,3.71,0,0,,,,851,1498,2.0,Bangladesh v India,2004-12-25 18:30:00+00:00,odi,182,774,India Innings,214,47.5,4.47,634,7,2
8539,Khaled Mahmud,,8557,3,40,0,2,9.5,4.06,1,0,,,,849,1498,2.0,Bangladesh v India,2004-12-25 18:30:00+00:00,odi,182,774,India Innings,214,47.5,4.47,634,7,2
8532,Joginder Sharma,AR,8550,2,51,1,0,10.0,5.1,1,3,,,,853,1497,2.0,Bangladesh v India,2004-12-25 18:30:00+00:00,odi,182,774,Bangladesh Innings,229,50.0,4.58,634,2,7
8541,Aftab Ahmed,,8559,5,16,0,0,2.0,8.0,0,0,,,,847,1498,2.0,Bangladesh v India,2004-12-25 18:30:00+00:00,odi,182,774,India Innings,214,47.5,4.47,634,7,2
8537,Tapash Baisya,,8555,1,35,2,2,10.0,3.5,0,0,,,,850,1498,2.0,Bangladesh v India,2004-12-25 18:30:00+00:00,odi,182,774,India Innings,214,47.5,4.47,634,7,2
8540,Mohammad Rafique,AR,8558,4,57,0,2,10.0,5.7,1,0,,,,823,1498,2.0,Bangladesh v India,2004-12-25 18:30:00+00:00,odi,182,774,India Innings,214,47.5,4.47,634,7,2
8536,Mashrafe Mortaza,BOWL,8554,0,36,2,2,9.0,4.0,1,0,,,,374,1498,2.0,Bangladesh v India,2004-12-25 18:30:00+00:00,odi,182,774,India Innings,214,47.5,4.47,634,7,2
8530,Ajit Agarkar,BOWL,8548,0,31,1,2,9.0,3.44,2,1,,,,789,1497,2.0,Bangladesh v India,2004-12-25 18:30:00+00:00,odi,182,774,Bangladesh Innings,229,50.0,4.58,634,2,7
8534,Sridharan Sriram,BAT,8552,4,37,1,1,10.0,3.7,1,0,,,,852,1497,2.0,Bangladesh v India,2004-12-25 18:30:00+00:00,odi,182,774,Bangladesh Innings,229,50.0,4.58,634,2,7
8533,Murali Kartik,BOWL,8551,3,43,0,2,10.0,4.3,0,5,,,,855,1497,2.0,Bangladesh v India,2004-12-25 18:30:00+00:00,odi,182,774,Bangladesh Innings,229,50.0,4.58,634,2,7
8531,Zaheer Khan,BOWL,8549,1,53,1,2,8.0,6.62,1,0,,,,78,1497,2.0,Bangladesh v India,2004-12-25 18:30:00+00:00,odi,182,774,Bangladesh Innings,229,50.0,4.58,634,2,7
8535,Dinesh Mongia,AR,8553,5,10,0,0,3.0,3.33,0,1,,,,854,1497,2.0,Bangladesh v India,2004-12-25 18:30:00+00:00,odi,182,774,Bangladesh Innings,229,50.0,4.58,634,2,7
8558,Harbhajan Singh,BOWL,8570,3,48,0,1,8.0,6.0,3,0,,,,52,1500,3.0,Bangladesh v India,2004-12-26 18:30:00+00:00,odi,182,775,Bangladesh Innings,257,50.0,5.14,635,2,7
8559,Sourav Ganguly,BAT,8572,4,25,0,0,5.0,5.0,2,0,,,,788,1500,3.0,Bangladesh v India,2004-12-26 18:30:00+00:00,odi,182,775,Bangladesh Innings,257,50.0,5.14,635,2,7
8560,Yuvraj Singh,BAT,8574,5,24,0,0,6.0,4.0,0,0,,,,96,1500,3.0,Bangladesh v India,2004-12-26 18:30:00+00:00,odi,182,775,Bangladesh Innings,257,50.0,5.14,635,2,7
8551,Khaled Mahmud,,8563,3,62,0,3,10.0,6.2,0,0,,,,849,1499,3.0,Bangladesh v India,2004-12-26 18:30:00+00:00,odi,182,775,India Innings,348,50.0,6.96,635,7,2
8562,Virender Sehwag,BAT,8578,7,31,1,0,6.0,5.16,2,0,,,,62,1500,3.0,Bangladesh v India,2004-12-26 18:30:00+00:00,odi,182,775,Bangladesh Innings,257,50.0,5.14,635,2,7
8557,Joginder Sharma,AR,8569,2,20,0,0,3.0,6.66,1,0,,,,853,1500,3.0,Bangladesh v India,2004-12-26 18:30:00+00:00,odi,182,775,Bangladesh Innings,257,50.0,5.14,635,2,7
8561,Sachin Tendulkar,BAT,8576,6,54,2,4,9.0,6.0,1,3,,,,63,1500,3.0,Bangladesh v India,2004-12-26 18:30:00+00:00,odi,182,775,Bangladesh Innings,257,50.0,5.14,635,2,7
8556,Zaheer Khan,BOWL,8568,1,15,1,1,6.0,2.5,2,1,,,,78,1500,3.0,Bangladesh v India,2004-12-26 18:30:00+00:00,odi,182,775,Bangladesh Innings,257,50.0,5.14,635,2,7
8549,Hasibul Hossain,BOWL,8561,1,53,0,0,6.0,8.83,0,0,,,,856,1499,3.0,Bangladesh v India,2004-12-26 18:30:00+00:00,odi,182,775,India Innings,348,50.0,6.96,635,7,2
8554,Rajin Saleh,,8566,6,38,0,1,6.0,6.33,2,0,,,,821,1499,3.0,Bangladesh v India,2004-12-26 18:30:00+00:00,odi,182,775,India Innings,348,50.0,6.96,635,7,2
8553,Aftab Ahmed,,8565,5,16,0,0,2.0,8.0,0,0,,,,847,1499,3.0,Bangladesh v India,2004-12-26 18:30:00+00:00,odi,182,775,India Innings,348,50.0,6.96,635,7,2
8552,Mohammad Rafique,AR,8564,4,63,1,1,10.0,6.3,1,0,,,,823,1499,3.0,Bangladesh v India,2004-12-26 18:30:00+00:00,odi,182,775,India Innings,348,50.0,6.96,635,7,2
8550,Mushfiqur Rahman,,8562,2,52,0,0,6.0,8.66,1,0,,,,848,1499,3.0,Bangladesh v India,2004-12-26 18:30:00+00:00,odi,182,775,India Innings,348,50.0,6.96,635,7,2
8548,Mashrafe Mortaza,BOWL,8560,0,60,0,0,10.0,6.0,3,0,,,,374,1499,3.0,Bangladesh v India,2004-12-26 18:30:00+00:00,odi,182,775,India Innings,348,50.0,6.96,635,7,2
8555,Ajit Agarkar,BOWL,8567,0,32,0,2,7.0,4.57,2,0,,,,789,1500,3.0,Bangladesh v India,2004-12-26 18:30:00+00:00,odi,182,775,Bangladesh Innings,257,50.0,5.14,635,2,7
8573,Sachin Tendulkar,BAT,8585,4,50,1,5,10.0,5.0,0,4,,,,63,1502,1.0,India v Pakistan,2005-04-01 18:30:00+00:00,odi,183,776,Pakistan Innings,194,45.2,4.27,636,2,9
8572,Harbhajan Singh,BOWL,8584,3,32,0,0,10.0,3.2,0,0,,,,52,1502,1.0,India v Pakistan,2005-04-01 18:30:00+00:00,odi,183,776,Pakistan Innings,194,45.2,4.27,636,2,9
8571,Ashish Nehra,BOWL,8583,2,22,2,1,6.0,3.66,2,0,,,,307,1502,1.0,India v Pakistan,2005-04-01 18:30:00+00:00,odi,183,776,Pakistan Innings,194,45.2,4.27,636,2,9
8570,Zaheer Khan,BOWL,8582,1,25,2,2,7.2,3.4,0,0,,,,78,1502,1.0,India v Pakistan,2005-04-01 18:30:00+00:00,odi,183,776,Pakistan Innings,194,45.2,4.27,636,2,9
8569,Lakshmipathy Balaji,BOWL,8581,0,32,0,2,6.0,5.33,1,2,,,,622,1502,1.0,India v Pakistan,2005-04-01 18:30:00+00:00,odi,183,776,Pakistan Innings,194,45.2,4.27,636,2,9
8568,Arshad Khan,,8580,5,33,0,4,6.0,5.5,2,0,,,,857,1501,1.0,India v Pakistan,2005-04-01 18:30:00+00:00,odi,183,776,India Innings,281,50.0,5.62,636,9,2
8565,Abdul Razzaq,AR,8575,2,50,1,1,8.3,5.88,1,0,,,,378,1501,1.0,India v Pakistan,2005-04-01 18:30:00+00:00,odi,183,776,India Innings,281,50.0,5.62,636,9,2
8566,Shahid Afridi,AR,8577,3,50,0,0,10.0,5.0,1,0,,,,313,1501,1.0,India v Pakistan,2005-04-01 18:30:00+00:00,odi,183,776,India Innings,281,50.0,5.62,636,9,2
8564,Naved-ul-Hasan,,8573,1,38,0,2,8.0,4.75,2,1,,,,315,1501,1.0,India v Pakistan,2005-04-01 18:30:00+00:00,odi,183,776,India Innings,281,50.0,5.62,636,9,2
8563,Mohammad Sami,BOWL,8571,0,42,1,0,8.0,5.25,3,0,,,,648,1501,1.0,India v Pakistan,2005-04-01 18:30:00+00:00,odi,183,776,India Innings,281,50.0,5.62,636,9,2
8574,Yuvraj Singh,BAT,8586,5,29,0,0,6.0,4.83,0,0,,,,96,1502,1.0,India v Pakistan,2005-04-01 18:30:00+00:00,odi,183,776,Pakistan Innings,194,45.2,4.27,636,2,9
8567,Mohammad Hafeez,AR,8579,4,59,0,0,9.3,6.21,0,0,,,,430,1501,1.0,India v Pakistan,2005-04-01 18:30:00+00:00,odi,183,776,India Innings,281,50.0,5.62,636,9,2
8584,Sachin Tendulkar,BAT,8596,3,44,0,0,7.0,6.28,3,0,,,,63,1504,2.0,India v Pakistan,2005-04-04 18:30:00+00:00,odi,183,777,Pakistan Innings,298,44.1,6.74,637,2,9
8585,Harbhajan Singh,BOWL,8597,4,50,0,1,7.0,7.14,2,0,,,,52,1504,2.0,India v Pakistan,2005-04-04 18:30:00+00:00,odi,183,777,Pakistan Innings,298,44.1,6.74,637,2,9
8581,Lakshmipathy Balaji,BOWL,8593,0,33,0,0,6.0,5.5,2,0,,,,622,1504,2.0,India v Pakistan,2005-04-04 18:30:00+00:00,odi,183,777,Pakistan Innings,298,44.1,6.74,637,2,9
8583,Zaheer Khan,BOWL,8595,2,38,0,1,6.1,6.16,1,0,,,,78,1504,2.0,India v Pakistan,2005-04-04 18:30:00+00:00,odi,183,777,Pakistan Innings,298,44.1,6.74,637,2,9
8586,Yuvraj Singh,BAT,8598,5,55,0,3,8.0,6.87,0,0,,,,96,1504,2.0,India v Pakistan,2005-04-04 18:30:00+00:00,odi,183,777,Pakistan Innings,298,44.1,6.74,637,2,9
8582,Ashish Nehra,BOWL,8594,1,72,0,4,10.0,7.2,2,0,,,,307,1504,2.0,India v Pakistan,2005-04-04 18:30:00+00:00,odi,183,777,Pakistan Innings,298,44.1,6.74,637,2,9
8579,Arshad Khan,,8591,4,43,0,2,5.0,8.6,1,0,,,,857,1503,2.0,India v Pakistan,2005-04-04 18:30:00+00:00,odi,183,777,India Innings,356,50.0,7.12,637,9,2
8580,Mohammad Hafeez,AR,8592,5,55,0,2,7.0,7.85,0,0,,,,430,1503,2.0,India v Pakistan,2005-04-04 18:30:00+00:00,odi,183,777,India Innings,356,50.0,7.12,637,9,2
8578,Shahid Afridi,AR,8590,3,82,0,0,9.0,9.11,2,0,,,,313,1503,2.0,India v Pakistan,2005-04-04 18:30:00+00:00,odi,183,777,India Innings,356,50.0,7.12,637,9,2
8577,Abdul Razzaq,AR,8589,2,55,0,0,10.0,5.5,0,0,,,,378,1503,2.0,India v Pakistan,2005-04-04 18:30:00+00:00,odi,183,777,India Innings,356,50.0,7.12,637,9,2
8576,Naved-ul-Hasan,,8588,1,54,0,3,10.0,5.4,1,1,,,,315,1503,2.0,India v Pakistan,2005-04-04 18:30:00+00:00,odi,183,777,India Innings,356,50.0,7.12,637,9,2
8575,Mohammad Sami,BOWL,8587,0,65,0,1,9.0,7.22,3,0,,,,648,1503,2.0,India v Pakistan,2005-04-04 18:30:00+00:00,odi,183,777,India Innings,356,50.0,7.12,637,9,2
8593,Yuvraj Singh,BAT,8605,6,10,0,1,1.4,6.0,0,0,,,,96,1505,3.0,India v Pakistan,2005-04-08 18:30:00+00:00,odi,183,778,Pakistan Innings,319,50.0,6.38,638,2,9
8598,Shoaib Malik,AR,8610,4,42,0,1,7.0,6.0,2,3,,,,311,1506,3.0,India v Pakistan,2005-04-08 18:30:00+00:00,odi,183,778,India Innings,213,41.4,5.11,638,9,2
8597,Danish Kaneria,,8609,3,45,0,1,10.0,4.5,0,0,,,,796,1506,3.0,India v Pakistan,2005-04-08 18:30:00+00:00,odi,183,778,India Innings,213,41.4,5.11,638,9,2
8596,Abdul Razzaq,AR,8608,2,35,0,0,6.0,5.83,0,0,,,,378,1506,3.0,India v Pakistan,2005-04-08 18:30:00+00:00,odi,183,778,India Innings,213,41.4,5.11,638,9,2
8595,Naved-ul-Hasan,,8607,1,27,1,6,8.4,3.11,1,0,,,,315,1506,3.0,India v Pakistan,2005-04-08 18:30:00+00:00,odi,183,778,India Innings,213,41.4,5.11,638,9,2
8594,Mohammad Sami,BOWL,8606,0,41,1,2,8.0,5.12,2,1,,,,648,1506,3.0,India v Pakistan,2005-04-08 18:30:00+00:00,odi,183,778,India Innings,213,41.4,5.11,638,9,2
8590,Harbhajan Singh,BOWL,8602,3,57,0,1,10.0,5.7,0,0,,,,52,1505,3.0,India v Pakistan,2005-04-08 18:30:00+00:00,odi,183,778,Pakistan Innings,319,50.0,6.38,638,2,9
8591,Sachin Tendulkar,BAT,8603,4,25,0,0,4.0,6.25,1,0,,,,63,1505,3.0,India v Pakistan,2005-04-08 18:30:00+00:00,odi,183,778,Pakistan Innings,319,50.0,6.38,638,2,9
8599,Shahid Afridi,AR,8611,5,20,0,0,2.0,10.0,0,0,,,,313,1506,3.0,India v Pakistan,2005-04-08 18:30:00+00:00,odi,183,778,India Innings,213,41.4,5.11,638,9,2
8589,Zaheer Khan,BOWL,8601,2,48,0,1,10.0,4.8,2,0,,,,78,1505,3.0,India v Pakistan,2005-04-08 18:30:00+00:00,odi,183,778,Pakistan Innings,319,50.0,6.38,638,2,9
8588,Ashish Nehra,BOWL,8600,1,57,0,3,10.0,5.7,1,0,,,,307,1505,3.0,India v Pakistan,2005-04-08 18:30:00+00:00,odi,183,778,Pakistan Innings,319,50.0,6.38,638,2,9
8587,Irfan Pathan,AR,8599,0,67,0,0,8.2,8.04,1,2,,,,298,1505,3.0,India v Pakistan,2005-04-08 18:30:00+00:00,odi,183,778,Pakistan Innings,319,50.0,6.38,638,2,9
8592,Virender Sehwag,BAT,8604,5,49,0,1,6.0,8.16,0,0,,,,62,1505,3.0,India v Pakistan,2005-04-08 18:30:00+00:00,odi,183,778,Pakistan Innings,319,50.0,6.38,638,2,9
8609,Virender Sehwag,BAT,8621,3,4,0,0,1.0,4.0,0,0,,,,62,1508,4.0,India v Pakistan,2005-04-11 18:30:00+00:00,odi,183,779,Pakistan Innings,319,48.0,6.64,639,2,9
8610,Murali Kartik,BOWL,8622,4,54,0,2,10.0,5.4,1,3,,,,855,1508,4.0,India v Pakistan,2005-04-11 18:30:00+00:00,odi,183,779,Pakistan Innings,319,48.0,6.64,639,2,9
8608,Zaheer Khan,BOWL,8620,2,62,0,1,10.0,6.2,1,2,,,,78,1508,4.0,India v Pakistan,2005-04-11 18:30:00+00:00,odi,183,779,Pakistan Innings,319,48.0,6.64,639,2,9
8607,Ashish Nehra,BOWL,8619,1,75,0,0,9.0,8.33,3,0,,,,307,1508,4.0,India v Pakistan,2005-04-11 18:30:00+00:00,odi,183,779,Pakistan Innings,319,48.0,6.64,639,2,9
8612,Sachin Tendulkar,BAT,8624,6,36,0,1,6.0,6.0,1,2,,,,63,1508,4.0,India v Pakistan,2005-04-11 18:30:00+00:00,odi,183,779,Pakistan Innings,319,48.0,6.64,639,2,9
8611,Yuvraj Singh,BAT,8623,5,33,0,0,5.0,6.6,3,0,,,,96,1508,4.0,India v Pakistan,2005-04-11 18:30:00+00:00,odi,183,779,Pakistan Innings,319,48.0,6.64,639,2,9
8606,Lakshmipathy Balaji,BOWL,8618,0,51,0,1,7.0,7.28,6,0,,,,622,1508,4.0,India v Pakistan,2005-04-11 18:30:00+00:00,odi,183,779,Pakistan Innings,319,48.0,6.64,639,2,9
8605,Shoaib Malik,AR,8617,5,67,0,3,9.0,7.44,4,5,,,,311,1507,4.0,India v Pakistan,2005-04-11 18:30:00+00:00,odi,183,779,India Innings,315,48.0,6.56,639,9,2
8604,Danish Kaneria,,8616,4,29,0,0,3.0,9.66,1,0,,,,796,1507,4.0,India v Pakistan,2005-04-11 18:30:00+00:00,odi,183,779,India Innings,315,48.0,6.56,639,9,2
8603,Abdul Razzaq,AR,8615,3,42,0,0,10.0,4.2,0,2,,,,378,1507,4.0,India v Pakistan,2005-04-11 18:30:00+00:00,odi,183,779,India Innings,315,48.0,6.56,639,9,2
8602,Shahid Afridi,AR,8614,2,50,0,0,9.0,5.55,3,1,,,,313,1507,4.0,India v Pakistan,2005-04-11 18:30:00+00:00,odi,183,779,India Innings,315,48.0,6.56,639,9,2
8601,Naved-ul-Hasan,,8613,1,64,0,0,8.0,8.0,0,3,,,,315,1507,4.0,India v Pakistan,2005-04-11 18:30:00+00:00,odi,183,779,India Innings,315,48.0,6.56,639,9,2
8600,Mohammad Sami,BOWL,8612,0,54,0,1,9.0,6.0,3,2,,,,648,1507,4.0,India v Pakistan,2005-04-11 18:30:00+00:00,odi,183,779,India Innings,315,48.0,6.56,639,9,2
8625,Virender Sehwag,BAT,8637,6,4,0,1,2.0,2.0,0,0,,,,62,1510,5.0,India v Pakistan,2005-04-14 18:30:00+00:00,odi,183,780,Pakistan Innings,252,42.1,5.97,640,2,9
8624,Sachin Tendulkar,BAT,8636,5,20,0,1,3.0,6.66,0,1,,,,63,1510,5.0,India v Pakistan,2005-04-14 18:30:00+00:00,odi,183,780,Pakistan Innings,252,42.1,5.97,640,2,9
8623,Harbhajan Singh,BOWL,8635,4,43,0,1,10.0,4.3,1,0,,,,52,1510,5.0,India v Pakistan,2005-04-14 18:30:00+00:00,odi,183,780,Pakistan Innings,252,42.1,5.97,640,2,9
8622,Dinesh Mongia,AR,8634,3,40,0,0,4.1,9.6,0,3,,,,854,1510,5.0,India v Pakistan,2005-04-14 18:30:00+00:00,odi,183,780,Pakistan Innings,252,42.1,5.97,640,2,9
8621,Anil Kumble,BOWL,8633,2,54,1,2,10.0,5.4,2,1,,,,790,1510,5.0,India v Pakistan,2005-04-14 18:30:00+00:00,odi,183,780,Pakistan Innings,252,42.1,5.97,640,2,9
8620,Zaheer Khan,BOWL,8632,1,35,1,0,7.0,5.0,2,0,,,,78,1510,5.0,India v Pakistan,2005-04-14 18:30:00+00:00,odi,183,780,Pakistan Innings,252,42.1,5.97,640,2,9
8619,Lakshmipathy Balaji,BOWL,8631,0,51,0,0,6.0,8.5,1,0,,,,622,1510,5.0,India v Pakistan,2005-04-14 18:30:00+00:00,odi,183,780,Pakistan Innings,252,42.1,5.97,640,2,9
8618,Shoaib Malik,AR,8630,5,34,0,0,5.0,6.8,0,2,,,,311,1509,5.0,India v Pakistan,2005-04-14 18:30:00+00:00,odi,183,780,India Innings,249,50.0,4.98,640,9,2
8617,Shahid Afridi,AR,8629,4,33,0,0,6.0,5.5,0,0,,,,313,1509,5.0,India v Pakistan,2005-04-14 18:30:00+00:00,odi,183,780,India Innings,249,50.0,4.98,640,9,2
8616,Arshad Khan,,8628,3,40,1,0,9.0,4.44,0,0,,,,857,1509,5.0,India v Pakistan,2005-04-14 18:30:00+00:00,odi,183,780,India Innings,249,50.0,4.98,640,9,2
8615,Abdul Razzaq,AR,8627,2,51,1,2,10.0,5.1,0,2,,,,378,1509,5.0,India v Pakistan,2005-04-14 18:30:00+00:00,odi,183,780,India Innings,249,50.0,4.98,640,9,2
8614,Iftikhar Anjum,,8626,1,46,1,0,10.0,4.6,0,0,,,,858,1509,5.0,India v Pakistan,2005-04-14 18:30:00+00:00,odi,183,780,India Innings,249,50.0,4.98,640,9,2
8613,Naved-ul-Hasan,,8625,0,35,2,3,10.0,3.5,2,0,,,,315,1509,5.0,India v Pakistan,2005-04-14 18:30:00+00:00,odi,183,780,India Innings,249,50.0,4.98,640,9,2
8634,Abdul Razzaq,AR,8646,2,33,1,1,9.0,3.66,1,1,,,,378,1512,6.0,India v Pakistan,2005-04-16 18:30:00+00:00,odi,183,781,India Innings,144,37.0,3.89,641,9,2
8633,Iftikhar Anjum,,8645,1,32,0,1,7.0,4.57,0,0,,,,858,1512,6.0,India v Pakistan,2005-04-16 18:30:00+00:00,odi,183,781,India Innings,144,37.0,3.89,641,9,2
8632,Naved-ul-Hasan,,8644,0,28,0,1,6.0,4.66,0,2,,,,315,1512,6.0,India v Pakistan,2005-04-16 18:30:00+00:00,odi,183,781,India Innings,144,37.0,3.89,641,9,2
8631,Sachin Tendulkar,BAT,8643,5,24,0,0,5.0,4.8,0,0,,,,63,1511,6.0,India v Pakistan,2005-04-16 18:30:00+00:00,odi,183,781,Pakistan Innings,303,50.0,6.06,641,2,9
8630,Dinesh Mongia,AR,8642,4,40,0,0,7.0,5.71,0,0,,,,854,1511,6.0,India v Pakistan,2005-04-16 18:30:00+00:00,odi,183,781,Pakistan Innings,303,50.0,6.06,641,2,9
8637,Shoaib Malik,AR,8649,5,2,0,0,1.0,2.0,0,0,,,,311,1512,6.0,India v Pakistan,2005-04-16 18:30:00+00:00,odi,183,781,India Innings,144,37.0,3.89,641,9,2
8628,Ajit Agarkar,BOWL,8640,2,58,0,3,9.0,6.44,1,0,,,,789,1511,6.0,India v Pakistan,2005-04-16 18:30:00+00:00,odi,183,781,Pakistan Innings,303,50.0,6.06,641,2,9
8627,Ashish Nehra,BOWL,8639,1,72,0,3,10.0,7.2,0,0,,,,307,1511,6.0,India v Pakistan,2005-04-16 18:30:00+00:00,odi,183,781,Pakistan Innings,303,50.0,6.06,641,2,9
8626,Zaheer Khan,BOWL,8638,0,65,0,1,10.0,6.5,2,0,,,,78,1511,6.0,India v Pakistan,2005-04-16 18:30:00+00:00,odi,183,781,Pakistan Innings,303,50.0,6.06,641,2,9
8635,Arshad Khan,,8647,3,33,1,3,10.0,3.3,0,0,,,,857,1512,6.0,India v Pakistan,2005-04-16 18:30:00+00:00,odi,183,781,India Innings,144,37.0,3.89,641,9,2
8629,Harbhajan Singh,BOWL,8641,3,39,0,0,9.0,4.33,0,0,,,,52,1511,6.0,India v Pakistan,2005-04-16 18:30:00+00:00,odi,183,781,Pakistan Innings,303,50.0,6.06,641,2,9
8636,Shahid Afridi,AR,8648,4,10,0,2,4.0,2.5,0,0,,,,313,1512,6.0,India v Pakistan,2005-04-16 18:30:00+00:00,odi,183,781,India Innings,144,37.0,3.89,641,9,2
8640,Dilhara Fernando,BOWL,8652,2,61,1,1,10.0,6.1,1,1,,,,299,1513,1.0,Sri Lanka v India,2005-07-29 18:30:00+00:00,odi,184,782,India Innings,205,50.0,4.1,642,8,2
8638,Farveez Maharoof,AR,8650,0,27,0,1,9.0,3.0,1,1,,,,380,1513,1.0,Sri Lanka v India,2005-07-29 18:30:00+00:00,odi,184,782,India Innings,205,50.0,4.1,642,8,2
8639,Dilhara Lokuhettige,,8651,1,31,2,2,10.0,3.1,1,0,,,,466,1513,1.0,Sri Lanka v India,2005-07-29 18:30:00+00:00,odi,184,782,India Innings,205,50.0,4.1,642,8,2
8641,Muttiah Muralitharan,BOWL,8653,3,33,1,3,10.0,3.3,3,0,,,,297,1513,1.0,Sri Lanka v India,2005-07-29 18:30:00+00:00,odi,184,782,India Innings,205,50.0,4.1,642,8,2
8642,Upul Chandana,BOWL,8654,4,26,0,1,5.0,5.2,0,0,,,,860,1513,1.0,Sri Lanka v India,2005-07-29 18:30:00+00:00,odi,184,782,India Innings,205,50.0,4.1,642,8,2
8643,Tillakaratne Dilshan,AR,8655,5,14,0,0,3.0,4.66,0,0,,,,292,1513,1.0,Sri Lanka v India,2005-07-29 18:30:00+00:00,odi,184,782,India Innings,205,50.0,4.1,642,8,2
8644,Russel Arnold,,8656,6,7,0,0,3.0,2.33,0,0,,,,859,1513,1.0,Sri Lanka v India,2005-07-29 18:30:00+00:00,odi,184,782,India Innings,205,50.0,4.1,642,8,2
8645,Irfan Pathan,AR,8657,0,43,2,2,10.0,4.3,1,0,,,,298,1514,1.0,Sri Lanka v India,2005-07-29 18:30:00+00:00,odi,184,782,Sri Lanka Innings,209,48.2,4.32,642,2,8
8646,Zaheer Khan,BOWL,8658,1,32,1,2,10.0,3.2,2,0,,,,78,1514,1.0,Sri Lanka v India,2005-07-29 18:30:00+00:00,odi,184,782,Sri Lanka Innings,209,48.2,4.32,642,2,8
8647,Ashish Nehra,BOWL,8659,2,34,1,0,10.0,3.4,1,0,,,,307,1514,1.0,Sri Lanka v India,2005-07-29 18:30:00+00:00,odi,184,782,Sri Lanka Innings,209,48.2,4.32,642,2,8
8648,Harbhajan Singh,BOWL,8660,3,44,0,2,10.0,4.4,2,0,,,,52,1514,1.0,Sri Lanka v India,2005-07-29 18:30:00+00:00,odi,184,782,Sri Lanka Innings,209,48.2,4.32,642,2,8
8649,Virender Sehwag,BAT,8661,4,45,0,0,8.0,5.62,1,0,,,,62,1514,1.0,Sri Lanka v India,2005-07-29 18:30:00+00:00,odi,184,782,Sri Lanka Innings,209,48.2,4.32,642,2,8
8650,Suresh Raina,BAT,8662,5,4,0,0,0.2,12.0,0,0,,,,50,1514,1.0,Sri Lanka v India,2005-07-29 18:30:00+00:00,odi,184,782,Sri Lanka Innings,209,48.2,4.32,642,2,8
8659,Dwayne Smith,AR,8671,2,37,0,1,10.0,3.7,1,0,,,,513,1516,2.0,India v West Indies,2005-07-30 18:30:00+00:00,odi,184,783,India Innings,180,36.0,5.0,643,3,2
8661,Runako Morton,BAT,8673,4,2,0,0,1.0,2.0,0,0,,,,863,1516,2.0,India v West Indies,2005-07-30 18:30:00+00:00,odi,184,783,India Innings,180,36.0,5.0,643,3,2
8660,Tino Best,BOWL,8672,3,34,0,1,6.0,5.66,1,1,,,,124,1516,2.0,India v West Indies,2005-07-30 18:30:00+00:00,odi,184,783,India Innings,180,36.0,5.0,643,3,2
8658,Jermaine Lawson,BOWL,8670,1,58,0,2,9.0,6.44,6,0,,,,867,1516,2.0,India v West Indies,2005-07-30 18:30:00+00:00,odi,184,783,India Innings,180,36.0,5.0,643,3,2
8657,Daren Powell,,8669,0,44,1,0,10.0,4.4,5,0,,,,866,1516,2.0,India v West Indies,2005-07-30 18:30:00+00:00,odi,184,783,India Innings,180,36.0,5.0,643,3,2
8656,Suresh Raina,BAT,8668,5,23,0,1,4.0,5.75,0,0,,,,50,1515,2.0,India v West Indies,2005-07-30 18:30:00+00:00,odi,184,783,West Indies Innings,178,47.4,3.73,643,2,3
8653,Harbhajan Singh,BOWL,8665,2,24,1,2,10.0,2.4,0,0,,,,52,1515,2.0,India v West Indies,2005-07-30 18:30:00+00:00,odi,184,783,West Indies Innings,178,47.4,3.73,643,2,3
8654,Ashish Nehra,BOWL,8666,3,23,2,2,9.0,2.55,2,0,,,,307,1515,2.0,India v West Indies,2005-07-30 18:30:00+00:00,odi,184,783,West Indies Innings,178,47.4,3.73,643,2,3
8652,Zaheer Khan,BOWL,8664,1,32,2,1,9.4,3.31,1,0,,,,78,1515,2.0,India v West Indies,2005-07-30 18:30:00+00:00,odi,184,783,West Indies Innings,178,47.4,3.73,643,2,3
8651,Irfan Pathan,AR,8663,0,29,3,1,9.0,3.22,0,0,,,,298,1515,2.0,India v West Indies,2005-07-30 18:30:00+00:00,odi,184,783,West Indies Innings,178,47.4,3.73,643,2,3
8655,Virender Sehwag,BAT,8667,4,39,0,2,6.0,6.5,0,1,,,,62,1515,2.0,India v West Indies,2005-07-30 18:30:00+00:00,odi,184,783,West Indies Innings,178,47.4,3.73,643,2,3
8669,Lakshmipathy Balaji,BOWL,8681,1,48,0,1,10.0,4.8,4,0,,,,622,1518,4.0,Sri Lanka v India,2005-08-02 18:30:00+00:00,odi,184,784,Sri Lanka Innings,221,48.0,4.6,644,2,8
8673,Virender Sehwag,BAT,8685,5,25,0,0,4.0,6.25,1,0,,,,62,1518,4.0,Sri Lanka v India,2005-08-02 18:30:00+00:00,odi,184,784,Sri Lanka Innings,221,48.0,4.6,644,2,8
8672,Harbhajan Singh,BOWL,8684,4,49,0,1,9.0,5.44,4,0,,,,52,1518,4.0,Sri Lanka v India,2005-08-02 18:30:00+00:00,odi,184,784,Sri Lanka Innings,221,48.0,4.6,644,2,8
8671,Sourav Ganguly,BAT,8683,3,30,0,0,5.0,6.0,1,2,,,,788,1518,4.0,Sri Lanka v India,2005-08-02 18:30:00+00:00,odi,184,784,Sri Lanka Innings,221,48.0,4.6,644,2,8
8670,Ashish Nehra,BOWL,8682,2,22,1,2,10.0,2.2,1,0,,,,307,1518,4.0,Sri Lanka v India,2005-08-02 18:30:00+00:00,odi,184,784,Sri Lanka Innings,221,48.0,4.6,644,2,8
8668,Irfan Pathan,AR,8680,0,38,0,1,10.0,3.8,0,0,,,,298,1518,4.0,Sri Lanka v India,2005-08-02 18:30:00+00:00,odi,184,784,Sri Lanka Innings,221,48.0,4.6,644,2,8
8666,Tillakaratne Dilshan,AR,8678,4,29,0,4,10.0,2.9,0,0,,,,292,1517,4.0,Sri Lanka v India,2005-08-02 18:30:00+00:00,odi,184,784,India Innings,220,50.0,4.4,644,8,2
8665,Dilhara Fernando,BOWL,8677,3,51,0,0,10.0,5.1,1,0,,,,299,1517,4.0,Sri Lanka v India,2005-08-02 18:30:00+00:00,odi,184,784,India Innings,220,50.0,4.4,644,8,2
8664,Pradeep Jeyapragash,BOWL,8676,2,21,1,1,6.0,3.5,5,0,,,,868,1517,4.0,Sri Lanka v India,2005-08-02 18:30:00+00:00,odi,184,784,India Innings,220,50.0,4.4,644,8,2
8663,Dilhara Lokuhettige,,8675,1,32,1,0,7.0,4.57,1,0,,,,466,1517,4.0,Sri Lanka v India,2005-08-02 18:30:00+00:00,odi,184,784,India Innings,220,50.0,4.4,644,8,2
8662,Farveez Maharoof,AR,8674,0,52,0,1,10.0,5.2,3,4,,,,380,1517,4.0,Sri Lanka v India,2005-08-02 18:30:00+00:00,odi,184,784,India Innings,220,50.0,4.4,644,8,2
8667,Upul Chandana,BOWL,8679,5,31,0,1,7.0,4.42,0,0,,,,860,1517,4.0,Sri Lanka v India,2005-08-02 18:30:00+00:00,odi,184,784,India Innings,220,50.0,4.4,644,8,2
8685,Yuvraj Singh,BAT,8697,5,22,0,0,3.0,7.33,0,0,,,,96,1520,6.0,India v West Indies,2005-08-07 09:00:00+00:00,odi,184,785,West Indies Innings,255,50.0,5.1,645,2,3
8681,Zaheer Khan,BOWL,8693,1,51,0,0,10.0,5.1,3,1,,,,78,1520,6.0,India v West Indies,2005-08-07 09:00:00+00:00,odi,184,785,West Indies Innings,255,50.0,5.1,645,2,3
8684,Virender Sehwag,BAT,8696,4,43,0,1,10.0,4.3,2,0,,,,62,1520,6.0,India v West Indies,2005-08-07 09:00:00+00:00,odi,184,785,West Indies Innings,255,50.0,5.1,645,2,3
8683,Anil Kumble,BOWL,8695,3,38,0,3,10.0,3.8,0,0,,,,790,1520,6.0,India v West Indies,2005-08-07 09:00:00+00:00,odi,184,785,West Indies Innings,255,50.0,5.1,645,2,3
8682,Ashish Nehra,BOWL,8694,2,60,0,2,9.0,6.66,0,0,,,,307,1520,6.0,India v West Indies,2005-08-07 09:00:00+00:00,odi,184,785,West Indies Innings,255,50.0,5.1,645,2,3
8680,Irfan Pathan,AR,8692,0,34,1,2,8.0,4.25,1,0,,,,298,1520,6.0,India v West Indies,2005-08-07 09:00:00+00:00,odi,184,785,West Indies Innings,255,50.0,5.1,645,2,3
8678,Dwayne Smith,AR,8690,4,43,0,0,10.0,4.3,1,0,,,,513,1519,6.0,India v West Indies,2005-08-07 09:00:00+00:00,odi,184,785,India Innings,262,50.0,5.24,645,3,2
8677,Omari Banks,AR,8689,3,41,0,1,10.0,4.1,0,0,,,,869,1519,6.0,India v West Indies,2005-08-07 09:00:00+00:00,odi,184,785,India Innings,262,50.0,5.24,645,3,2
8676,Tino Best,BOWL,8688,2,40,0,0,7.0,5.71,1,1,,,,124,1519,6.0,India v West Indies,2005-08-07 09:00:00+00:00,odi,184,785,India Innings,262,50.0,5.24,645,3,2
8675,Daren Powell,,8687,1,35,2,1,7.0,5.0,4,0,,,,866,1519,6.0,India v West Indies,2005-08-07 09:00:00+00:00,odi,184,785,India Innings,262,50.0,5.24,645,3,2
8674,Deighton Butler,BOWL,8686,0,30,1,1,8.0,3.75,1,2,,,,870,1519,6.0,India v West Indies,2005-08-07 09:00:00+00:00,odi,184,785,India Innings,262,50.0,5.24,645,3,2
8679,Narsingh Deonarine,BAT,8691,5,69,0,1,8.0,8.62,2,0,,,,126,1519,6.0,India v West Indies,2005-08-07 09:00:00+00:00,odi,184,785,India Innings,262,50.0,5.24,645,3,2
8699,Russel Arnold,,8711,7,12,0,0,2.0,6.0,0,0,,,,859,1522,0.0,Sri Lanka v India,2005-08-08 18:30:00+00:00,odi,184,786,India Innings,263,50.0,5.26,646,8,2
8694,Dilhara Lokuhettige,,8706,2,41,0,0,5.0,8.2,0,0,,,,466,1522,0.0,Sri Lanka v India,2005-08-08 18:30:00+00:00,odi,184,786,India Innings,263,50.0,5.26,646,8,2
8698,Upul Chandana,BOWL,8710,6,38,0,2,9.5,3.86,0,0,,,,860,1522,0.0,Sri Lanka v India,2005-08-08 18:30:00+00:00,odi,184,786,India Innings,263,50.0,5.26,646,8,2
8697,Sanath Jayasuriya,AR,8709,5,1,0,0,0.1,6.0,0,0,,,,288,1522,0.0,Sri Lanka v India,2005-08-08 18:30:00+00:00,odi,184,786,India Innings,263,50.0,5.26,646,8,2
8696,Muttiah Muralitharan,BOWL,8708,4,35,0,2,10.0,3.5,0,0,,,,297,1522,0.0,Sri Lanka v India,2005-08-08 18:30:00+00:00,odi,184,786,India Innings,263,50.0,5.26,646,8,2
8695,Tillakaratne Dilshan,AR,8707,3,42,0,1,7.0,6.0,0,0,,,,292,1522,0.0,Sri Lanka v India,2005-08-08 18:30:00+00:00,odi,184,786,India Innings,263,50.0,5.26,646,8,2
8693,Farveez Maharoof,AR,8705,1,48,0,0,6.0,8.0,6,0,,,,380,1522,0.0,Sri Lanka v India,2005-08-08 18:30:00+00:00,odi,184,786,India Innings,263,50.0,5.26,646,8,2
8686,Irfan Pathan,AR,8698,0,59,0,0,9.0,6.55,0,0,,,,298,1521,0.0,Sri Lanka v India,2005-08-08 18:30:00+00:00,odi,184,786,Sri Lanka Innings,281,50.0,5.62,646,2,8
8691,Virender Sehwag,BAT,8703,5,14,0,0,2.0,7.0,0,0,,,,62,1521,0.0,Sri Lanka v India,2005-08-08 18:30:00+00:00,odi,184,786,Sri Lanka Innings,281,50.0,5.62,646,2,8
8690,Anil Kumble,BOWL,8702,4,64,0,0,10.0,6.4,2,1,,,,790,1521,0.0,Sri Lanka v India,2005-08-08 18:30:00+00:00,odi,184,786,Sri Lanka Innings,281,50.0,5.62,646,2,8
8689,Harbhajan Singh,BOWL,8701,3,40,0,0,10.0,4.0,0,0,,,,52,1521,0.0,Sri Lanka v India,2005-08-08 18:30:00+00:00,odi,184,786,Sri Lanka Innings,281,50.0,5.62,646,2,8
8688,Ashish Nehra,BOWL,8700,2,59,1,6,10.0,5.9,0,0,,,,307,1521,0.0,Sri Lanka v India,2005-08-08 18:30:00+00:00,odi,184,786,Sri Lanka Innings,281,50.0,5.62,646,2,8
8687,Zaheer Khan,BOWL,8699,1,43,1,0,9.0,4.77,5,1,,,,78,1521,0.0,Sri Lanka v India,2005-08-08 18:30:00+00:00,odi,184,786,Sri Lanka Innings,281,50.0,5.62,646,2,8
8692,Chaminda Vaas,BOWL,8704,0,38,1,2,10.0,3.8,1,1,,,,293,1522,0.0,Sri Lanka v India,2005-08-08 18:30:00+00:00,odi,184,786,India Innings,263,50.0,5.26,646,8,2
8711,Scott Styris,AR,8723,5,20,0,0,4.0,5.0,0,0,,,,382,1524,2.0,India v New Zealand,2005-08-26 04:00:00+00:00,odi,185,787,India Innings,164,37.2,4.39,647,4,2
8710,Chris Cairns,AR,8722,4,8,0,0,2.0,4.0,0,0,,,,877,1524,2.0,India v New Zealand,2005-08-26 04:00:00+00:00,odi,185,787,India Innings,164,37.2,4.39,647,4,2
8709,Daniel Vettori,AR,8721,3,38,0,0,8.0,4.75,0,1,,,,392,1524,2.0,India v New Zealand,2005-08-26 04:00:00+00:00,odi,185,787,India Innings,164,37.2,4.39,647,4,2
8708,Andre Adams,AR,8720,2,37,0,3,8.0,4.62,1,0,,,,878,1524,2.0,India v New Zealand,2005-08-26 04:00:00+00:00,odi,185,787,India Innings,164,37.2,4.39,647,4,2
8707,Jacob Oram,AR,8719,1,41,0,1,6.2,6.47,0,0,,,,624,1524,2.0,India v New Zealand,2005-08-26 04:00:00+00:00,odi,185,787,India Innings,164,37.2,4.39,647,4,2
8706,Shane Bond,BOWL,8718,0,19,3,6,9.0,2.11,3,0,,,,879,1524,2.0,India v New Zealand,2005-08-26 04:00:00+00:00,odi,185,787,India Innings,164,37.2,4.39,647,4,2
8704,Harbhajan Singh,BOWL,8716,4,55,1,0,9.0,6.11,1,0,,,,52,1523,2.0,India v New Zealand,2005-08-26 04:00:00+00:00,odi,185,787,New Zealand Innings,215,43.1,4.98,647,2,4
8703,Jai Prakash Yadav,,8715,3,46,1,1,10.0,4.6,0,0,,,,871,1523,2.0,India v New Zealand,2005-08-26 04:00:00+00:00,odi,185,787,New Zealand Innings,215,43.1,4.98,647,2,4
8702,Ajit Agarkar,BOWL,8714,2,45,0,2,7.1,6.27,0,1,,,,789,1523,2.0,India v New Zealand,2005-08-26 04:00:00+00:00,odi,185,787,New Zealand Innings,215,43.1,4.98,647,2,4
8701,Ashish Nehra,BOWL,8713,1,22,3,2,8.0,2.75,2,0,,,,307,1523,2.0,India v New Zealand,2005-08-26 04:00:00+00:00,odi,185,787,New Zealand Innings,215,43.1,4.98,647,2,4
8700,Irfan Pathan,AR,8712,0,34,1,3,8.0,4.25,0,0,,,,298,1523,2.0,India v New Zealand,2005-08-26 04:00:00+00:00,odi,185,787,New Zealand Innings,215,43.1,4.98,647,2,4
8705,Virender Sehwag,BAT,8717,5,7,0,0,1.0,7.0,0,0,,,,62,1523,2.0,India v New Zealand,2005-08-26 04:00:00+00:00,odi,185,787,New Zealand Innings,215,43.1,4.98,647,2,4
8717,Gavin Ewing,,8729,5,25,0,1,8.0,3.12,0,0,,,,882,1525,3.0,Zimbabwe v India,2005-08-29 04:00:00+00:00,odi,185,788,India Innings,226,50.0,4.52,648,10,2
8721,Harbhajan Singh,BOWL,8733,3,9,0,1,2.3,3.6,0,0,,,,52,1526,3.0,Zimbabwe v India,2005-08-29 04:00:00+00:00,odi,185,788,Zimbabwe Innings,65,24.3,2.65,648,2,10
8720,Ajit Agarkar,BOWL,8732,2,18,2,4,9.0,2.0,1,1,,,,789,1526,3.0,Zimbabwe v India,2005-08-29 04:00:00+00:00,odi,185,788,Zimbabwe Innings,65,24.3,2.65,648,2,10
8719,Ashish Nehra,BOWL,8731,1,11,0,0,3.0,3.66,4,0,,,,307,1526,3.0,Zimbabwe v India,2005-08-29 04:00:00+00:00,odi,185,788,Zimbabwe Innings,65,24.3,2.65,648,2,10
8716,Prosper Utseya,BOWL,8728,4,44,0,1,10.0,4.4,0,1,,,,367,1525,3.0,Zimbabwe v India,2005-08-29 04:00:00+00:00,odi,185,788,India Innings,226,50.0,4.52,648,10,2
8718,Irfan Pathan,AR,8730,0,27,3,5,10.0,2.7,3,0,,,,298,1526,3.0,Zimbabwe v India,2005-08-29 04:00:00+00:00,odi,185,788,Zimbabwe Innings,65,24.3,2.65,648,2,10
8714,Anthony Ireland,,8726,2,54,0,3,10.0,5.4,7,0,,,,884,1525,3.0,Zimbabwe v India,2005-08-29 04:00:00+00:00,odi,185,788,India Innings,226,50.0,4.52,648,10,2
8713,Blessing Mahwire,BOWL,8725,1,19,0,0,4.0,4.75,0,0,,,,883,1525,3.0,Zimbabwe v India,2005-08-29 04:00:00+00:00,odi,185,788,India Innings,226,50.0,4.52,648,10,2
8712,Heath Streak,,8724,0,32,1,1,10.0,3.2,4,0,,,,881,1525,3.0,Zimbabwe v India,2005-08-29 04:00:00+00:00,odi,185,788,India Innings,226,50.0,4.52,648,10,2
8715,Andy Blignaut,,8727,3,46,1,0,8.0,5.75,0,0,,,,365,1525,3.0,Zimbabwe v India,2005-08-29 04:00:00+00:00,odi,185,788,India Innings,226,50.0,4.52,648,10,2
8732,Jeetan Patel,BOWL,8744,4,60,0,1,9.0,6.66,0,0,,,,92,1528,5.0,India v New Zealand,2005-09-02 04:00:00+00:00,odi,185,789,India Innings,279,47.3,5.87,649,4,2
8730,Jacob Oram,AR,8742,2,22,1,1,5.0,4.4,0,0,,,,624,1528,5.0,India v New Zealand,2005-09-02 04:00:00+00:00,odi,185,789,India Innings,279,47.3,5.87,649,4,2
8722,Ashish Nehra,BOWL,8734,0,57,0,2,10.0,5.7,3,0,,,,307,1527,5.0,India v New Zealand,2005-09-02 04:00:00+00:00,odi,185,789,New Zealand Innings,278,50.0,5.56,649,2,4
8723,Irfan Pathan,AR,8735,1,60,0,2,9.0,6.66,3,0,,,,298,1527,5.0,India v New Zealand,2005-09-02 04:00:00+00:00,odi,185,789,New Zealand Innings,278,50.0,5.56,649,2,4
8724,Ajit Agarkar,BOWL,8736,2,61,1,2,10.0,6.1,4,1,,,,789,1527,5.0,India v New Zealand,2005-09-02 04:00:00+00:00,odi,185,789,New Zealand Innings,278,50.0,5.56,649,2,4
8725,Jai Prakash Yadav,,8737,3,34,1,1,10.0,3.4,2,0,,,,871,1527,5.0,India v New Zealand,2005-09-02 04:00:00+00:00,odi,185,789,New Zealand Innings,278,50.0,5.56,649,2,4
8726,Harbhajan Singh,BOWL,8738,4,46,0,0,10.0,4.6,1,0,,,,52,1527,5.0,India v New Zealand,2005-09-02 04:00:00+00:00,odi,185,789,New Zealand Innings,278,50.0,5.56,649,2,4
8727,Sourav Ganguly,BAT,8739,5,8,0,0,1.0,8.0,0,0,,,,788,1527,5.0,India v New Zealand,2005-09-02 04:00:00+00:00,odi,185,789,New Zealand Innings,278,50.0,5.56,649,2,4
8728,Kyle Mills,BOWL,8740,0,35,0,1,7.0,5.0,3,0,,,,385,1528,5.0,India v New Zealand,2005-09-02 04:00:00+00:00,odi,185,789,India Innings,279,47.3,5.87,649,4,2
8729,Andre Adams,AR,8741,1,67,0,0,7.3,8.93,2,2,,,,878,1528,5.0,India v New Zealand,2005-09-02 04:00:00+00:00,odi,185,789,India Innings,279,47.3,5.87,649,4,2
8731,Chris Cairns,AR,8743,3,17,0,0,3.0,5.66,0,0,,,,877,1528,5.0,India v New Zealand,2005-09-02 04:00:00+00:00,odi,185,789,India Innings,279,47.3,5.87,649,4,2
8733,Nathan Astle,BAT,8745,5,34,0,0,7.0,4.85,1,0,,,,874,1528,5.0,India v New Zealand,2005-09-02 04:00:00+00:00,odi,185,789,India Innings,279,47.3,5.87,649,4,2
8734,Scott Styris,AR,8746,6,37,0,1,9.0,4.11,0,0,,,,382,1528,5.0,India v New Zealand,2005-09-02 04:00:00+00:00,odi,185,789,India Innings,279,47.3,5.87,649,4,2
8743,Andy Blignaut,,8755,2,54,0,2,9.0,6.0,3,0,,,,365,1530,6.0,Zimbabwe v India,2005-09-04 04:00:00+00:00,odi,185,790,India Innings,255,48.1,5.29,650,10,2
8735,RP Singh,BOWL,8747,0,44,1,2,8.0,5.5,3,0,,,,303,1529,6.0,Zimbabwe v India,2005-09-04 04:00:00+00:00,odi,185,790,Zimbabwe Innings,250,50.0,5.0,650,2,10
8736,Ajit Agarkar,BOWL,8748,1,34,3,3,10.0,3.4,0,0,,,,789,1529,6.0,Zimbabwe v India,2005-09-04 04:00:00+00:00,odi,185,790,Zimbabwe Innings,250,50.0,5.0,650,2,10
8737,Jai Prakash Yadav,,8749,2,44,1,1,9.0,4.88,0,0,,,,871,1529,6.0,Zimbabwe v India,2005-09-04 04:00:00+00:00,odi,185,790,Zimbabwe Innings,250,50.0,5.0,650,2,10
8738,Harbhajan Singh,BOWL,8750,3,39,0,1,10.0,3.9,0,0,,,,52,1529,6.0,Zimbabwe v India,2005-09-04 04:00:00+00:00,odi,185,790,Zimbabwe Innings,250,50.0,5.0,650,2,10
8739,Murali Kartik,BOWL,8751,4,52,1,1,9.0,5.77,0,0,,,,855,1529,6.0,Zimbabwe v India,2005-09-04 04:00:00+00:00,odi,185,790,Zimbabwe Innings,250,50.0,5.0,650,2,10
8740,Sourav Ganguly,BAT,8752,5,24,1,0,4.0,6.0,1,2,,,,788,1529,6.0,Zimbabwe v India,2005-09-04 04:00:00+00:00,odi,185,790,Zimbabwe Innings,250,50.0,5.0,650,2,10
8741,Blessing Mahwire,BOWL,8753,0,40,0,2,9.1,4.36,2,1,,,,883,1530,6.0,Zimbabwe v India,2005-09-04 04:00:00+00:00,odi,185,790,India Innings,255,48.1,5.29,650,10,2
8742,Anthony Ireland,,8754,1,59,0,1,10.0,5.9,5,0,,,,884,1530,6.0,Zimbabwe v India,2005-09-04 04:00:00+00:00,odi,185,790,India Innings,255,48.1,5.29,650,10,2
8744,Gavin Ewing,,8756,3,23,0,0,5.0,4.6,0,0,,,,882,1530,6.0,Zimbabwe v India,2005-09-04 04:00:00+00:00,odi,185,790,India Innings,255,48.1,5.29,650,10,2
8745,Prosper Utseya,BOWL,8757,4,25,0,0,6.0,4.16,0,0,,,,367,1530,6.0,Zimbabwe v India,2005-09-04 04:00:00+00:00,odi,185,790,India Innings,255,48.1,5.29,650,10,2
8746,Sean Williams,BAT,8758,5,30,0,0,5.0,6.0,0,0,,,,470,1530,6.0,Zimbabwe v India,2005-09-04 04:00:00+00:00,odi,185,790,India Innings,255,48.1,5.29,650,10,2
8747,Keith Dabengwa,,8759,6,23,0,0,4.0,5.75,0,0,,,,885,1530,6.0,Zimbabwe v India,2005-09-04 04:00:00+00:00,odi,185,790,India Innings,255,48.1,5.29,650,10,2
8757,Harbhajan Singh,BOWL,8769,3,49,0,0,10.0,4.9,0,0,,,,52,1532,0.0,India v New Zealand,2005-09-06 04:00:00+00:00,odi,185,791,New Zealand Innings,278,48.1,5.77,651,2,4
8758,Virender Sehwag,BAT,8770,4,44,0,3,10.0,4.4,2,0,,,,62,1532,0.0,India v New Zealand,2005-09-06 04:00:00+00:00,odi,185,791,New Zealand Innings,278,48.1,5.77,651,2,4
8754,Irfan Pathan,AR,8766,0,40,1,0,5.0,8.0,1,0,,,,298,1532,0.0,India v New Zealand,2005-09-06 04:00:00+00:00,odi,185,791,New Zealand Innings,278,48.1,5.77,651,2,4
8760,Yuvraj Singh,BAT,8772,6,39,1,1,10.0,3.9,0,0,,,,96,1532,0.0,India v New Zealand,2005-09-06 04:00:00+00:00,odi,185,791,New Zealand Innings,278,48.1,5.77,651,2,4
8756,Ajit Agarkar,BOWL,8768,2,43,0,0,6.1,6.97,1,1,,,,789,1532,0.0,India v New Zealand,2005-09-06 04:00:00+00:00,odi,185,791,New Zealand Innings,278,48.1,5.77,651,2,4
8759,Jai Prakash Yadav,,8771,5,14,0,0,1.0,14.0,0,0,,,,871,1532,0.0,India v New Zealand,2005-09-06 04:00:00+00:00,odi,185,791,New Zealand Innings,278,48.1,5.77,651,2,4
8755,Ashish Nehra,BOWL,8767,1,40,0,0,6.0,6.66,1,0,,,,307,1532,0.0,India v New Zealand,2005-09-06 04:00:00+00:00,odi,185,791,New Zealand Innings,278,48.1,5.77,651,2,4
8749,Kyle Mills,BOWL,8761,1,45,3,2,9.3,4.73,0,0,,,,385,1531,0.0,India v New Zealand,2005-09-06 04:00:00+00:00,odi,185,791,India Innings,276,49.3,5.57,651,4,2
8753,Nathan Astle,BAT,8765,5,33,0,0,4.0,8.25,1,0,,,,874,1531,0.0,India v New Zealand,2005-09-06 04:00:00+00:00,odi,185,791,India Innings,276,49.3,5.57,651,4,2
8752,Daniel Vettori,AR,8764,4,35,0,2,10.0,3.5,1,0,,,,392,1531,0.0,India v New Zealand,2005-09-06 04:00:00+00:00,odi,185,791,India Innings,276,49.3,5.57,651,4,2
8751,Scott Styris,AR,8763,3,56,0,1,8.0,7.0,2,0,,,,382,1531,0.0,India v New Zealand,2005-09-06 04:00:00+00:00,odi,185,791,India Innings,276,49.3,5.57,651,4,2
8750,Jacob Oram,AR,8762,2,58,0,4,8.3,6.82,1,3,,,,624,1531,0.0,India v New Zealand,2005-09-06 04:00:00+00:00,odi,185,791,India Innings,276,49.3,5.57,651,4,2
8748,Shane Bond,BOWL,8760,0,44,0,1,9.3,4.63,3,1,,,,879,1531,0.0,India v New Zealand,2005-09-06 04:00:00+00:00,odi,185,791,India Innings,276,49.3,5.57,651,4,2
8768,Sreesanth,BOWL,8780,1,39,0,2,5.4,6.88,2,0,,,,342,1534,1.0,India v Sri Lanka,2005-10-25 03:30:00+00:00,odi,186,792,Sri Lanka Innings,198,35.4,5.55,652,2,8
8771,Virender Sehwag,BAT,8783,4,20,1,1,3.0,6.66,0,1,,,,62,1534,1.0,India v Sri Lanka,2005-10-25 03:30:00+00:00,odi,186,792,Sri Lanka Innings,198,35.4,5.55,652,2,8
8770,Harbhajan Singh,BOWL,8782,3,35,0,3,10.0,3.5,1,0,,,,52,1534,1.0,India v Sri Lanka,2005-10-25 03:30:00+00:00,odi,186,792,Sri Lanka Innings,198,35.4,5.55,652,2,8
8769,Ajit Agarkar,BOWL,8781,2,20,0,0,3.0,6.66,0,0,,,,789,1534,1.0,India v Sri Lanka,2005-10-25 03:30:00+00:00,odi,186,792,Sri Lanka Innings,198,35.4,5.55,652,2,8
8772,Murali Kartik,BOWL,8784,5,48,0,3,9.0,5.33,1,0,,,,855,1534,1.0,India v Sri Lanka,2005-10-25 03:30:00+00:00,odi,186,792,Sri Lanka Innings,198,35.4,5.55,652,2,8
8767,Irfan Pathan,AR,8779,0,34,0,1,5.0,6.8,2,1,,,,298,1534,1.0,India v Sri Lanka,2005-10-25 03:30:00+00:00,odi,186,792,Sri Lanka Innings,198,35.4,5.55,652,2,8
8764,Muttiah Muralitharan,BOWL,8776,3,49,0,0,10.0,4.9,1,0,,,,297,1533,1.0,India v Sri Lanka,2005-10-25 03:30:00+00:00,odi,186,792,India Innings,350,50.0,7.0,652,8,2
8765,Tillakaratne Dilshan,AR,8777,4,40,0,2,6.0,6.66,0,0,,,,292,1533,1.0,India v Sri Lanka,2005-10-25 03:30:00+00:00,odi,186,792,India Innings,350,50.0,7.0,652,8,2
8763,Dilhara Fernando,BOWL,8775,2,66,0,1,10.0,6.6,1,1,,,,299,1533,1.0,India v Sri Lanka,2005-10-25 03:30:00+00:00,odi,186,792,India Innings,350,50.0,7.0,652,8,2
8762,Farveez Maharoof,AR,8774,1,82,0,1,10.0,8.2,1,0,,,,380,1533,1.0,India v Sri Lanka,2005-10-25 03:30:00+00:00,odi,186,792,India Innings,350,50.0,7.0,652,8,2
8761,Chaminda Vaas,BOWL,8773,0,67,0,1,9.0,7.44,1,3,,,,293,1533,1.0,India v Sri Lanka,2005-10-25 03:30:00+00:00,odi,186,792,India Innings,350,50.0,7.0,652,8,2
8766,Upul Chandana,BOWL,8778,5,41,0,0,5.0,8.2,0,0,,,,860,1533,1.0,India v Sri Lanka,2005-10-25 03:30:00+00:00,odi,186,792,India Innings,350,50.0,7.0,652,8,2
8782,Tillakaratne Dilshan,AR,8794,4,10,0,0,3.0,3.33,0,0,,,,292,1536,2.0,India v Sri Lanka,2005-10-28 09:00:00+00:00,odi,186,793,India Innings,123,20.2,6.04,653,8,2
8779,Nuwan Zoysa,,8791,1,37,0,0,4.0,9.25,1,0,,,,886,1536,2.0,India v Sri Lanka,2005-10-28 09:00:00+00:00,odi,186,793,India Innings,123,20.2,6.04,653,8,2
8781,Farveez Maharoof,AR,8793,3,19,0,1,3.0,6.33,2,0,,,,380,1536,2.0,India v Sri Lanka,2005-10-28 09:00:00+00:00,odi,186,793,India Innings,123,20.2,6.04,653,8,2
8780,Muttiah Muralitharan,BOWL,8792,2,32,0,1,7.2,4.36,0,0,,,,297,1536,2.0,India v Sri Lanka,2005-10-28 09:00:00+00:00,odi,186,793,India Innings,123,20.2,6.04,653,8,2
8777,Murali Kartik,BOWL,8789,4,5,1,0,4.0,1.25,1,0,,,,855,1535,2.0,India v Sri Lanka,2005-10-28 09:00:00+00:00,odi,186,793,Sri Lanka Innings,122,35.4,3.42,653,2,8
8778,Chaminda Vaas,BOWL,8790,0,22,0,0,3.0,7.33,0,0,,,,293,1536,2.0,India v Sri Lanka,2005-10-28 09:00:00+00:00,odi,186,793,India Innings,123,20.2,6.04,653,8,2
8775,Jai Prakash Yadav,,8787,2,32,1,2,10.0,3.2,0,0,,,,871,1535,2.0,India v Sri Lanka,2005-10-28 09:00:00+00:00,odi,186,793,Sri Lanka Innings,122,35.4,3.42,653,2,8
8774,Ajit Agarkar,BOWL,8786,1,27,1,1,7.0,3.85,4,0,,,,789,1535,2.0,India v Sri Lanka,2005-10-28 09:00:00+00:00,odi,186,793,Sri Lanka Innings,122,35.4,3.42,653,2,8
8773,Irfan Pathan,AR,8785,0,37,0,4,8.0,4.62,3,0,,,,298,1535,2.0,India v Sri Lanka,2005-10-28 09:00:00+00:00,odi,186,793,Sri Lanka Innings,122,35.4,3.42,653,2,8
8776,Harbhajan Singh,BOWL,8788,3,19,1,2,6.4,2.85,0,0,,,,52,1535,2.0,India v Sri Lanka,2005-10-28 09:00:00+00:00,odi,186,793,Sri Lanka Innings,122,35.4,3.42,653,2,8
8789,Sachin Tendulkar,BAT,8801,6,10,0,0,1.0,10.0,0,0,,,,63,1537,3.0,India v Sri Lanka,2005-10-30 18:30:00+00:00,odi,186,794,Sri Lanka Innings,298,50.0,5.96,654,2,8
8794,Upul Chandana,BOWL,8806,4,83,0,0,10.0,8.3,0,1,,,,860,1538,3.0,India v Sri Lanka,2005-10-30 18:30:00+00:00,odi,186,794,India Innings,303,46.1,6.56,654,8,2
8793,Muttiah Muralitharan,BOWL,8805,3,46,1,2,10.0,4.6,0,0,,,,297,1538,3.0,India v Sri Lanka,2005-10-30 18:30:00+00:00,odi,186,794,India Innings,303,46.1,6.56,654,8,2
8792,Farveez Maharoof,AR,8804,2,50,0,0,7.0,7.14,0,0,,,,380,1538,3.0,India v Sri Lanka,2005-10-30 18:30:00+00:00,odi,186,794,India Innings,303,46.1,6.56,654,8,2
8791,Dilhara Fernando,BOWL,8803,1,38,0,0,8.0,4.75,1,4,,,,299,1538,3.0,India v Sri Lanka,2005-10-30 18:30:00+00:00,odi,186,794,India Innings,303,46.1,6.56,654,8,2
8790,Chaminda Vaas,BOWL,8802,0,43,0,1,6.0,7.16,0,0,,,,293,1538,3.0,India v Sri Lanka,2005-10-30 18:30:00+00:00,odi,186,794,India Innings,303,46.1,6.56,654,8,2
8787,Murali Kartik,BOWL,8799,4,42,0,0,6.0,7.0,1,0,,,,855,1537,3.0,India v Sri Lanka,2005-10-30 18:30:00+00:00,odi,186,794,Sri Lanka Innings,298,50.0,5.96,654,2,8
8795,Tillakaratne Dilshan,AR,8807,5,35,0,1,5.1,6.77,0,0,,,,292,1538,3.0,India v Sri Lanka,2005-10-30 18:30:00+00:00,odi,186,794,India Innings,303,46.1,6.56,654,8,2
8786,Harbhajan Singh,BOWL,8798,3,30,0,0,10.0,3.0,1,0,,,,52,1537,3.0,India v Sri Lanka,2005-10-30 18:30:00+00:00,odi,186,794,Sri Lanka Innings,298,50.0,5.96,654,2,8
8785,Jai Prakash Yadav,,8797,2,53,0,1,9.0,5.88,4,1,,,,871,1537,3.0,India v Sri Lanka,2005-10-30 18:30:00+00:00,odi,186,794,Sri Lanka Innings,298,50.0,5.96,654,2,8
8784,Ajit Agarkar,BOWL,8796,1,62,1,2,10.0,6.2,1,2,,,,789,1537,3.0,India v Sri Lanka,2005-10-30 18:30:00+00:00,odi,186,794,Sri Lanka Innings,298,50.0,5.96,654,2,8
8783,Irfan Pathan,AR,8795,0,67,0,0,10.0,6.7,2,0,,,,298,1537,3.0,India v Sri Lanka,2005-10-30 18:30:00+00:00,odi,186,794,Sri Lanka Innings,298,50.0,5.96,654,2,8
8788,Virender Sehwag,BAT,8800,5,29,0,1,4.0,7.25,1,1,,,,62,1537,3.0,India v Sri Lanka,2005-10-30 18:30:00+00:00,odi,186,794,Sri Lanka Innings,298,50.0,5.96,654,2,8
8809,Tillakaratne Dilshan,AR,8821,6,28,0,0,5.0,5.6,0,0,,,,292,1540,4.0,India v Sri Lanka,2005-11-03 03:30:00+00:00,odi,186,795,India Innings,262,45.4,5.73,655,8,2
8808,Sanath Jayasuriya,AR,8820,5,18,0,0,3.0,6.0,0,0,,,,288,1540,4.0,India v Sri Lanka,2005-11-03 03:30:00+00:00,odi,186,795,India Innings,262,45.4,5.73,655,8,2
8804,Dilhara Fernando,BOWL,8816,1,43,1,1,9.0,4.77,1,0,,,,299,1540,4.0,India v Sri Lanka,2005-11-03 03:30:00+00:00,odi,186,795,India Innings,262,45.4,5.73,655,8,2
8806,Farveez Maharoof,AR,8818,3,41,0,0,4.0,10.25,1,0,,,,380,1540,4.0,India v Sri Lanka,2005-11-03 03:30:00+00:00,odi,186,795,India Innings,262,45.4,5.73,655,8,2
8805,Nuwan Zoysa,,8817,2,47,0,1,8.0,5.87,1,0,,,,886,1540,4.0,India v Sri Lanka,2005-11-03 03:30:00+00:00,odi,186,795,India Innings,262,45.4,5.73,655,8,2
8807,Muttiah Muralitharan,BOWL,8819,4,35,0,3,9.0,3.88,1,0,,,,297,1540,4.0,India v Sri Lanka,2005-11-03 03:30:00+00:00,odi,186,795,India Innings,262,45.4,5.73,655,8,2
8810,Russel Arnold,,8822,7,20,0,0,1.4,12.0,0,0,,,,859,1540,4.0,India v Sri Lanka,2005-11-03 03:30:00+00:00,odi,186,795,India Innings,262,45.4,5.73,655,8,2
8800,Harbhajan Singh,BOWL,8812,4,35,0,1,10.0,3.5,1,0,,,,52,1539,4.0,India v Sri Lanka,2005-11-03 03:30:00+00:00,odi,186,795,Sri Lanka Innings,261,49.5,5.23,655,2,8
8803,Chaminda Vaas,BOWL,8815,0,28,1,1,6.0,4.66,0,2,,,,293,1540,4.0,India v Sri Lanka,2005-11-03 03:30:00+00:00,odi,186,795,India Innings,262,45.4,5.73,655,8,2
8796,Irfan Pathan,AR,8808,0,49,0,1,9.0,5.44,1,0,,,,298,1539,4.0,India v Sri Lanka,2005-11-03 03:30:00+00:00,odi,186,795,Sri Lanka Innings,261,49.5,5.23,655,2,8
8797,Ajit Agarkar,BOWL,8809,1,44,1,5,9.5,4.47,1,0,,,,789,1539,4.0,India v Sri Lanka,2005-11-03 03:30:00+00:00,odi,186,795,Sri Lanka Innings,261,49.5,5.23,655,2,8
8798,Sreesanth,BOWL,8810,2,49,2,1,8.0,6.12,1,0,,,,342,1539,4.0,India v Sri Lanka,2005-11-03 03:30:00+00:00,odi,186,795,Sri Lanka Innings,261,49.5,5.23,655,2,8
8799,Jai Prakash Yadav,,8811,3,23,0,0,4.0,5.75,0,0,,,,871,1539,4.0,India v Sri Lanka,2005-11-03 03:30:00+00:00,odi,186,795,Sri Lanka Innings,261,49.5,5.23,655,2,8
8801,Yuvraj Singh,BAT,8813,5,14,0,0,2.0,7.0,1,0,,,,96,1539,4.0,India v Sri Lanka,2005-11-03 03:30:00+00:00,odi,186,795,Sri Lanka Innings,261,49.5,5.23,655,2,8
8802,Virender Sehwag,BAT,8814,6,36,0,1,7.0,5.14,0,0,,,,62,1539,4.0,India v Sri Lanka,2005-11-03 03:30:00+00:00,odi,186,795,Sri Lanka Innings,261,49.5,5.23,655,2,8
8824,Virender Sehwag,BAT,8836,5,17,0,0,2.0,8.5,1,0,,,,62,1542,5.0,India v Sri Lanka,2005-11-06 09:00:00+00:00,odi,186,796,Sri Lanka Innings,286,47.4,6.0,656,2,8
8811,Chaminda Vaas,BOWL,8823,0,56,1,1,10.0,5.6,0,0,,,,293,1541,5.0,India v Sri Lanka,2005-11-06 09:00:00+00:00,odi,186,796,India Innings,285,50.0,5.7,656,8,2
8812,Dilhara Fernando,BOWL,8824,1,77,0,1,10.0,7.7,0,5,,,,299,1541,5.0,India v Sri Lanka,2005-11-06 09:00:00+00:00,odi,186,796,India Innings,285,50.0,5.7,656,8,2
8823,Murali Kartik,BOWL,8835,4,52,0,1,10.0,5.2,1,1,,,,855,1542,5.0,India v Sri Lanka,2005-11-06 09:00:00+00:00,odi,186,796,Sri Lanka Innings,286,47.4,6.0,656,2,8
8815,Tillakaratne Dilshan,AR,8827,4,19,0,0,3.0,6.33,0,0,,,,292,1541,5.0,India v Sri Lanka,2005-11-06 09:00:00+00:00,odi,186,796,India Innings,285,50.0,5.7,656,8,2
8816,Sanath Jayasuriya,AR,8828,5,35,0,0,6.0,5.83,3,0,,,,288,1541,5.0,India v Sri Lanka,2005-11-06 09:00:00+00:00,odi,186,796,India Innings,285,50.0,5.7,656,8,2
8817,Russel Arnold,,8829,6,8,0,0,1.0,8.0,0,0,,,,859,1541,5.0,India v Sri Lanka,2005-11-06 09:00:00+00:00,odi,186,796,India Innings,285,50.0,5.7,656,8,2
8818,Farveez Maharoof,AR,8830,7,20,0,4,5.0,4.0,0,0,,,,380,1541,5.0,India v Sri Lanka,2005-11-06 09:00:00+00:00,odi,186,796,India Innings,285,50.0,5.7,656,8,2
8819,Ajit Agarkar,BOWL,8831,0,59,0,2,9.4,6.1,2,2,,,,789,1542,5.0,India v Sri Lanka,2005-11-06 09:00:00+00:00,odi,186,796,Sri Lanka Innings,286,47.4,6.0,656,2,8
8820,RP Singh,BOWL,8832,1,54,1,1,9.0,6.0,2,0,,,,303,1542,5.0,India v Sri Lanka,2005-11-06 09:00:00+00:00,odi,186,796,Sri Lanka Innings,286,47.4,6.0,656,2,8
8821,Sreesanth,BOWL,8833,2,57,0,0,10.0,5.7,5,0,,,,342,1542,5.0,India v Sri Lanka,2005-11-06 09:00:00+00:00,odi,186,796,Sri Lanka Innings,286,47.4,6.0,656,2,8
8822,Jai Prakash Yadav,,8834,3,44,0,0,7.0,6.28,0,0,,,,871,1542,5.0,India v Sri Lanka,2005-11-06 09:00:00+00:00,odi,186,796,Sri Lanka Innings,286,47.4,6.0,656,2,8
8814,Muttiah Muralitharan,BOWL,8826,3,37,1,0,10.0,3.7,2,0,,,,297,1541,5.0,India v Sri Lanka,2005-11-06 09:00:00+00:00,odi,186,796,India Innings,285,50.0,5.7,656,8,2
